,Next_Tmax
0,-1.0140798687107864
1,-0.3778492666222013
2,-0.3436370717865107
3,-0.2996264589450249
4,-0.44230785628510577
5,-0.46183262561186367
6,-0.3603650906656147
7,-0.4951890135225927
8,-0.822238973282994
9,-0.23751616862389152
10,-0.4330433634807152
11,-0.35164592694706936
12,-0.3044952736828962
13,-0.3877685821070224
14,-0.34320068248255187
15,-0.3214774801429307
16,-2.0458696670323375
17,-1.438100555456319
18,-1.2808820364711504
19,-1.175736894383333
20,-1.3759240838133613
21,-1.303338931957544
22,-1.354422689494251
23,-1.411325130770116
24,-1.4883547664730605
25,-1.8652369100639554
26,-1.2173168367638518
27,-1.6848294954468135
28,-1.2025097851532145
29,-1.3176253255692207
30,-1.224089903109243
31,-1.3265007125173869
32,-1.4190903579657441
33,-1.1399297490558746
34,-1.4421601517671905
35,-1.8230928508244613
36,-1.2304292950350915
37,-1.148989029689419
38,-1.2789078784391363
39,-1.285778543218167
40,-1.1820374908667821
41,-2.0401771402979745
42,-1.4321124351218177
43,-1.2245204455427012
44,-1.4234814220034315
45,-1.5689203225002264
46,-1.09754440793701
47,-1.5414280063781955
48,-1.5747492761329651
49,-1.9419251466498233
50,-1.4255474836973543
51,-1.7455975783169382
52,-1.1006183566088665
53,-1.5192644372581532
54,-1.2396849486323867
55,-1.5375050756990145
56,-1.3545460162222485
57,-1.47123640575829
58,-1.639556298144855
59,-1.3200936999993569
60,-1.3723275055818982
61,-1.2883216077034607
62,-1.3463785724644137
63,-1.4094567552934787
64,-0.5357318576701148
65,0.12282966280692204
66,0.13262455073614718
67,0.20139896547982875
68,0.30579964291928724
69,0.18402579222590623
70,0.0690701828422848
71,0.1375742301396179
72,-0.07119977586468901
73,-0.12685973888465635
74,0.3029636455497655
75,-0.21738346528662839
76,0.34492347220967795
77,0.1320451514129182
78,0.1749125337271989
79,0.21862805418739037
80,0.2785677972931665
81,0.30639813347686734
82,-0.12474043760515813
83,0.20515547361582576
84,0.3200077181355754
85,0.08581135309714796
86,0.10534626645293314
87,0.28417946862812443
88,0.23887036518271645
89,0.8006330250903642
90,0.84432211645307
91,0.9551404405196507
92,1.003086543391477
93,0.8984437395248693
94,0.4920370513388985
95,0.7800331001575219
96,0.5319013553344061
97,0.5679463629557292
98,1.0600284731735181
99,1.0812907030453123
100,0.7316075902805328
101,0.8829374393701716
102,0.8175923427178723
103,0.9055996561682733
104,0.9308271930636793
105,0.6126518352105754
106,0.6777727161908822
107,0.9150788954719206
108,1.0067263974672074
109,0.7810934176012033
110,0.7528934703420295
111,0.9866187204646558
112,0.5507007845657644
113,1.144392974102739
114,1.4423267716698536
115,1.136337425078933
116,1.0035980294507332
117,1.2053971682690225
118,0.9520294185104385
119,1.1175542441335466
120,0.9425285351613252
121,0.5866570549515535
122,1.2526865640738811
123,1.0852907285924316
124,1.3966421585924311
125,1.0643940751290373
126,1.2697431638274106
127,0.8083730523616175
128,1.041686078529523
129,1.2007100446613712
130,1.0591868910568285
131,1.6356861702488992
132,1.1013991998839987
133,1.1094646672593096
134,1.150548958121496
135,1.3346620914874952
136,-0.926649120458011
137,-0.30598924668402505
138,-0.27681077775611995
139,-0.28969907544147055
140,-0.3299406241105088
141,-0.12096420107412445
142,-0.23144319289322834
143,-0.3107503277843524
144,-0.6178876132101006
145,-0.47616384137944623
146,-0.2439992850289267
147,-0.216506718344058
148,-0.17413738592155842
149,-0.2624602397389154
150,-0.5108574076591184
151,-0.1030356320344538
152,-0.3155558806734493
153,-0.5443972804622962
154,-0.08992160939653031
155,-0.10181813176442267
156,-0.19853088023204682
157,-0.0776839188696416
158,-1.5824204823325265
159,-0.665716355025202
160,-0.2519233909938937
161,-0.6506965275424227
162,-0.4315096419555461
163,-0.3754263370678841
164,-0.7636991480953573
165,-0.8393625923169776
166,-0.8120196888738688
167,-0.30827735415494056
168,-0.871304973372057
169,-0.11252488726031465
170,-0.3655999420045557
171,-0.6874273250547637
172,-0.3775461732519378
173,-0.42435713872775227
174,-0.3726954555082698
175,-0.9931415683449709
176,-1.1718153096485884
177,-0.17834120171555481
178,-0.4014441166756135
179,-0.691342168437036
180,-0.57926049944702
181,-0.2202689553675401
182,-0.4629129896548599
183,0.20157796350603488
184,0.3136527783529327
185,0.22449362668040942
186,0.20530163429753362
187,0.19789514859999535
188,0.08242275786159445
189,0.23586632462869633
190,0.05541709463763918
191,-0.021282206949198315
192,0.3676862908816565
193,-0.09416017266142393
194,0.41800403530214575
195,0.26986396564380766
196,0.22539910771918348
197,0.2241433234992799
198,0.16701314243340792
199,0.23706020946000858
200,0.10770232130789534
201,-0.07257797515053058
202,0.3653679424125155
203,0.28238267598425204
204,0.223756266358625
205,0.26240901167607916
206,0.40184206726642885
207,-1.831704663678588
208,-1.2511190473059348
209,-1.1091168746319275
210,-1.0867127683029396
211,-1.0201234841506965
212,-0.9872505221292931
213,-0.9738105862220471
214,-0.9824731853017425
215,-1.1506389909214763
216,-1.3955773520840544
217,-1.4199359051808753
218,-1.0177563442538282
219,-0.9447356449761198
220,-0.9447264422083141
221,-0.9151624280992295
222,-1.292382078526357
223,-0.8074502867588371
224,-1.0868426603339207
225,-1.5043736987042737
226,-1.0263051348910495
227,-0.8348548465932513
228,-0.8888610987288014
229,-0.8905410481726226
230,-0.8744982087869623
231,-0.6398842359176269
232,-0.02956483955094251
233,-0.07509846252820893
234,0.06150869425919917
235,-0.004015956151643338
236,-0.11647731669235648
237,0.03859642105991825
238,0.018193491753065873
239,-0.06011065593034831
240,-0.28451849181799893
241,-0.4627815411920844
242,0.08144896641533453
243,-0.0013852564318131769
244,-0.10941790902858185
245,-0.006440873332848186
246,-0.06038004275023682
247,-0.011462158985108307
248,-0.22356690055021064
249,-0.21965380996391398
250,-0.026894960014707474
251,0.01381687448314034
252,-0.006894864772242812
253,-0.0033672426002560735
254,0.02943511378937489
255,-0.5083567269682382
256,0.2730845631385669
257,0.301000234290349
258,0.37080678639082887
259,0.3960637025037467
260,0.27138049687279586
261,-0.05534739165998581
262,0.0504365323752214
263,-0.03914767749124594
264,-0.21314885885918172
265,0.39505889533124405
266,-0.18850729575282868
267,0.4818200282497293
268,0.09027083939525737
269,0.05453667259815876
270,0.2425880465585007
271,0.37180163058273297
272,0.3105185341569223
273,0.002174698637838375
274,-0.03513448230603592
275,0.25414302155582097
276,0.452502896145341
277,0.03098281668888931
278,0.09796161854929378
279,0.1728759747636541
280,0.2511075268489508
281,0.8418407091369258
282,0.9115168287582591
283,0.9269255011623176
284,0.9799132778004684
285,0.8684587387464222
286,0.5641943211881322
287,0.7350384948083626
288,0.6759003940388023
289,0.47701716634697344
290,1.0405132579311211
291,0.5835014336228496
292,1.1418078098665045
293,0.798837350138958
294,0.8527626358790562
295,0.805742924074468
296,0.8977235498671928
297,0.9458203872976827
298,0.6951505227137466
299,0.7212401152624469
300,0.980478733194474
301,1.015225164351848
302,0.8070347027293719
303,0.8492984575230502
304,0.9406047623396991
305,0.33167784850570176
306,0.9752131873930886
307,1.060902312569761
308,1.0330450706267196
309,1.1151708332817831
310,1.0083501905937666
311,0.9418784374453932
312,0.894125838565669
313,0.8038315597485343
314,0.5371227371618131
315,1.1500288094944782
316,0.676756893903084
317,1.2695748641216422
318,0.903159858757708
319,0.942980212515788
320,0.9465685837580341
321,1.0837349924748005
322,1.0706692583109514
323,0.8482641611912829
324,0.7590538212597155
325,1.0933357820585197
326,1.1207341441113723
327,0.9421528579086194
328,0.9629781649269761
329,1.0494471335546258
330,-0.5374431117452594
331,0.0004835476437308264
332,0.05249088371415003
333,0.2581913253325053
334,0.25578618863356484
335,-0.035392628005157085
336,0.23601927837395953
337,-0.001463323018838874
338,0.15605589785036916
339,-0.49343500805383833
340,0.051802153318226005
341,-0.2786186406835724
342,0.2784000754764427
343,0.023136214603930994
344,0.15834937246454553
345,-0.02917887415878597
346,0.11241033277349517
347,0.1820535981637995
348,0.01783037522206743
349,-0.09736119667674553
350,0.14534448366813996
351,0.12460907698885089
352,0.19201634874350176
353,0.1750222598470407
354,0.17195654993041448
355,-1.488907059851794
356,-0.8170693279754796
357,-0.9242079583771228
358,-0.48574995974432617
359,-0.8100768100035943
360,-1.0103292917625972
361,-0.7522567221467027
362,-1.1535390739541762
363,-1.1676361751879034
364,-1.5958505082066252
365,-0.8254673313291625
366,-1.2811775210834127
367,-0.7853091700258036
368,-1.0147035667835174
369,-0.8776791853127314
370,-1.1249553972070252
371,-0.8373597482893643
372,-0.9778785727855249
373,-0.940348380086323
374,-1.0563695399362119
375,-0.836708982312379
376,-0.8566162363368272
377,-0.8314395269795004
378,-0.8583075632881323
379,-0.8706786070185994
380,-0.6128104637910794
381,0.0502511587214896
382,0.1730034101558177
383,0.3005843510001168
384,0.14619657026609906
385,0.03792017912699623
386,-0.04941056907672184
387,-0.08460390616931637
388,-0.11754561079274004
389,-0.40013299612751724
390,0.21124034476381132
391,-0.251832592185457
392,0.388284574829752
393,-0.06508146685572562
394,0.04696614334594073
395,0.04022367398414665
396,0.17419598774364592
397,0.14737355193012294
398,-0.041316316896507874
399,-0.23454676315142106
400,0.17936413277324534
401,0.13639947466101382
402,-0.0248083376271598
403,0.014140709024847868
404,0.1631320261285066
405,0.01986918249308462
406,0.5523860283622133
407,0.6432389264469872
408,0.5908557394304536
409,0.5663849638391873
410,0.5332092306834004
411,0.5569124763204625
412,0.621378230998223
413,0.501559767201732
414,0.20897346413009446
415,0.6130774465456835
416,0.24181247429007346
417,0.8167711718389509
418,0.6309729588522809
419,0.5837517677829701
420,0.5277100203357675
421,0.5889872136743876
422,0.6286382365962611
423,0.549400237450197
424,0.4015242691208029
425,0.6453618053984294
426,0.610347595994555
427,0.5908645645451801
428,0.6353054533773207
429,0.6430549634095519
430,0.1536018588710329
431,0.7825416380641038
432,0.8386800051807267
433,0.8024497283715557
434,1.0018707102825641
435,0.865123864811819
436,0.6238539675645169
437,0.7934239331040438
438,0.6663688501875591
439,0.47772594275803026
440,1.0366436083303412
441,0.5214029697728028
442,0.8227879033408946
443,0.7538518904817597
444,0.7769585289832045
445,0.8822513305667521
446,0.9686909377491718
447,0.7114516699033792
448,0.6030693611430039
449,0.9211978158878743
450,1.0051483236922631
451,0.7804694756207265
452,0.8021605719612225
453,0.904567006231122
454,0.8942246597054307
455,1.345829349114264
456,1.4312126582034732
457,1.4799901243664921
458,1.4943385357594927
459,1.5862578568896415
460,1.4046534123568377
461,1.5870202609143078
462,1.293644751888387
463,1.4572717046280614
464,1.645812840607725
465,1.2231114309937763
466,1.6166159270884966
467,1.584716550589201
468,1.601313680265533
469,1.7391775762201365
470,1.4019094584437841
471,1.7158395985635644
472,1.4165287191100533
473,1.3443977334536388
474,1.6317706580695892
475,1.6849882063450994
476,1.500144629315942
477,1.5676559041845077
478,1.8378584279181267
479,0.24509966652230905
480,0.8558149553768688
481,0.9393466349556646
482,0.9696826210484298
483,0.8873368747953058
484,0.8890442775647434
485,0.8719044117976477
486,0.6991347525991789
487,0.730393919050059
488,0.4133220323065516
489,0.9566812190659513
490,0.47604834382502853
491,1.147535640803436
492,0.672353192374807
493,0.8178476496087642
494,0.7777463257472826
495,0.9721390675615473
496,0.9518181741335406
497,0.7331094150017317
498,0.6584756801720199
499,0.950331112419811
500,0.9875959458189234
501,0.8193084411364004
502,0.8419507909234326
503,0.8776834693415162
504,-0.2400440834196263
505,0.4341671821459506
506,0.5087650315826527
507,0.5450470398536534
508,0.5688983602403898
509,0.5279799549085941
510,0.4267464103042973
511,0.471285176144529
512,0.40929736791509796
513,0.18373446764420245
514,0.5771631970390656
515,0.12327751077123024
516,0.6452724146609771
517,0.4655879346047369
518,0.46786798720572775
519,0.60749560121842
520,0.43405962966348993
521,0.6546493385837644
522,0.33627116048704186
523,0.20957354381171295
524,0.5218923114863012
525,0.6324546250756417
526,0.45264583735852526
527,0.4753136281128374
528,0.5653065061434835
529,-0.41566487979341343
530,0.30284274997833494
531,0.39917673749787336
532,0.41189164403764017
533,0.4381846237803688
534,0.33796159871484
535,0.2532337577776556
536,0.17158769776857624
537,0.1471713340330253
538,-0.1334622540966791
539,0.4881584408206781
540,-0.10428820289319465
541,0.5897365308783881
542,0.25663123407401567
543,0.29326492370134516
544,0.3500914023785824
545,0.4028395688805661
546,0.5315803557180112
547,0.19586816218019856
548,-0.0630309581051485
549,0.3465819704244816
550,0.5900075879243849
551,0.2876119878239713
552,0.3216576597650993
553,0.31952938975802825
554,-0.11978067238464807
555,0.39849038211108634
556,0.4677979864370254
557,0.5282741651633168
558,0.4151772444221983
559,0.5148164729268354
560,0.4507734329695163
561,0.4533689192121563
562,0.40120992847179965
563,0.17140144898044865
564,0.5600008576665635
565,0.1495523930580687
566,0.6424849320195838
567,0.4901705563531048
568,0.46417554210835554
569,0.5112299556165951
570,0.49279468159258216
571,0.6142838869986008
572,0.3281056702302149
573,0.2664112367747461
574,0.5259501851608808
575,0.5780155572305938
576,0.47153401759696956
577,0.48146734384704293
578,0.647018069512558
579,0.4403067582227243
580,0.961397999271613
581,0.9042182766303248
582,0.9861764481479295
583,0.9009451948979157
584,1.003148790987369
585,0.93576560737474
586,0.9719528146983522
587,0.9516244971858995
588,0.6569438353221285
589,0.9672075644026166
590,0.7348797022606007
591,1.0654479981621576
592,1.1044279804238235
593,1.1678712656639365
594,0.9334721058080334
595,0.8820575308541817
596,1.068568012167121
597,1.0732585350285881
598,0.7889962724941557
599,1.0318685225988027
600,0.9806167552495253
601,0.9358509324961117
602,1.0387134053843285
603,1.2070461261353043
604,0.3783077306843876
605,1.0341378294521726
606,0.9699938819280274
607,0.9944456455020901
608,1.0372059385232195
609,1.0190147252112989
610,1.1845366045671597
611,1.1962868444508752
612,1.111500923881433
613,0.7646550269224317
614,1.0914097450382214
615,0.7042517040119581
616,1.1030486344347505
617,1.0741322124288968
618,1.1405301166708712
619,0.9359793011935997
620,1.0044138571781942
621,1.0913198800980581
622,1.0282014106224129
623,0.7706553915654724
624,1.0845791763619035
625,1.1760032974442145
626,1.242158703843776
627,1.1536324209498423
628,1.0732072478424022
629,-0.34078189761062927
630,0.36888399254516274
631,0.36809322541828216
632,0.3451061396871091
633,0.4538271419583158
634,0.4991549000170532
635,0.33614252256543986
636,0.468892641345514
637,0.37174913217210104
638,0.15072537463162328
639,0.5146552815419011
640,0.11829028753709656
641,0.5983584962166512
642,0.4579635460403665
643,0.4400741185749892
644,0.4666268982317231
645,0.3105314145264624
646,0.567836283330111
647,0.24382805776579713
648,0.1162831277984923
649,0.46606785989975597
650,0.5707198252999743
651,0.4697118331997849
652,0.5088098595159833
653,0.6080929935910936
654,-1.523041885857185
655,-0.8343079614457707
656,-0.8143742830939007
657,-0.8872771022026849
658,-0.7947706722519102
659,-0.6113721631475035
660,-0.6158052804518914
661,-0.48963899725529797
662,-0.6374600860411513
663,-0.9726210491517082
664,-0.670935384997244
665,-1.0328904960938166
666,-0.7346674175777806
667,-0.5182203453713278
668,-0.5780648433489288
669,-0.7155575572291494
670,-1.0208780618156816
671,-0.574258257979098
672,-0.7439693466411088
673,-1.1057897114301927
674,-0.6579012464537304
675,-0.6056408343756957
676,-0.5688858082786379
677,-0.4995486422276311
678,-0.45170394091381283
679,-0.9126458254803358
680,-0.2905202178827438
681,-0.27124067072199176
682,-0.3403308500862239
683,-0.27216967786776497
684,-0.1753871690041587
685,0.010513856631249896
686,0.08152887531703391
687,-0.17000123504579503
688,-0.1536016916344792
689,-0.515824846401706
690,-0.17259002795435896
691,0.11056017309597965
692,-0.005290795976489576
693,-0.013926957281177417
694,-0.36740737668255175
695,-0.009417573050331859
696,-0.12621611834105423
697,-0.6221787652982512
698,-0.1374887755328024
699,-0.09543518507683262
700,0.11937358357281758
701,0.14168034031321264
702,0.027184201026862653
703,-0.27942164410517145
704,0.4553445716834282
705,0.5014231795626783
706,0.438796028542692
707,0.5081654809077474
708,0.3686506742976672
709,0.2832782663134179
710,0.35773779191934096
711,0.20129317336172067
712,0.5325745766805934
713,-0.00022584384543522865
714,0.5905938847968966
715,0.4867128769811818
716,0.3479556628406794
717,0.48019271359407806
718,0.5156002855079735
719,0.5257572784972442
720,0.22977104183638244
721,0.16667963116486711
722,0.5141317817831433
723,0.45767760502121807
724,0.4209742095630569
725,0.48922076653033164
726,0.47298496809363727
727,-0.11644913889355024
728,0.5537663109091053
729,0.7709245264779608
730,0.4774096668171787
731,0.3821527756687986
732,0.5286784790768099
733,0.6262524759001831
734,0.6856373920600652
735,0.6564070700259148
736,0.27657740287176164
737,0.65390842483356
738,0.32479270083056144
739,0.8464084408993805
740,0.760992960943666
741,0.7604508757227469
742,0.41955339496015215
743,0.4718575296879465
744,0.5348873031949364
745,0.5184383517537212
746,0.25290035229713453
747,0.7506335967984218
748,0.533475757197694
749,0.7394606608300953
750,0.8097731346701441
751,0.8829625441814366
752,0.15885559882224107
753,0.5716069253031032
754,0.7873216080661493
755,0.6867273157267759
756,0.6476404571478114
757,0.8031323685583218
758,0.6854980890620279
759,0.7093176958821901
760,0.6227586155585446
761,0.3526270129824639
762,0.7822745793065056
763,0.3904643639474281
764,0.9593884352761909
765,0.830800017370376
766,0.7842068344119582
767,0.5629043375614923
768,0.6748269664415179
769,0.7007199727187925
770,0.6189355952946954
771,0.46365137300809023
772,0.8652502315339504
773,0.7538724411550488
774,0.7563109482289858
775,0.7912908505738173
776,0.867229143597416
777,0.356874952606403
778,1.023586747041574
779,1.2388144384979567
780,0.9647241810679366
781,0.9808360064810582
782,1.2712071341574085
783,1.0516293969720787
784,1.3150329259347895
785,1.02614604560732
786,1.0361000777346634
787,1.2235637637136587
788,0.9290873667011421
789,1.2826651097603616
790,1.2627549549355699
791,1.1355802716682932
792,1.1019622837243204
793,0.9101012609780237
794,1.2772242840901733
795,0.9588261955396776
796,0.764965153475904
797,1.2746740323427024
798,1.0828509590989277
799,1.1292357769812946
800,1.2238973797491177
801,1.3470692814728098
802,0.3537118761406404
803,0.9699584416831819
804,0.9578638146970516
805,1.0097471292459617
806,0.9701146188607683
807,0.9231057389354266
808,1.1651148897929329
809,1.0796834017932335
810,0.8017028512119856
811,0.941275648710916
812,0.5628765820436177
813,1.086151939526301
814,1.1900166839967
815,1.0977245934898152
816,0.9512852334708932
817,0.990122627478544
818,1.0412943137352497
819,1.0293721754905305
820,0.7644906108433075
821,0.9665118647107818
822,0.9944996657286235
823,1.2705909970196165
824,1.2544951038291596
825,1.124801043106948
826,0.7290979699794575
827,1.3250551088322209
828,1.3489255665359445
829,1.2672614424708768
830,1.297472639880491
831,1.3685343378652304
832,1.361495211527125
833,1.4488235689032651
834,1.380125224855323
835,1.1772681887529466
836,1.4923660238654222
837,1.0601966534890388
838,1.605893641570964
839,1.439020763919436
840,1.3864337485756724
841,1.3542903655809555
842,1.2130445227107745
843,1.3774560938182872
844,1.2558939551954995
845,1.0979046814909155
846,1.4860054354634367
847,1.4185870918645984
848,1.4789839004393648
849,1.4937555753287126
850,1.4944475523421568
851,1.1654327796748611
852,1.9072596699011113
853,2.0847702731643785
854,1.8242117683488481
855,1.7249112906890995
856,2.0443105277533613
857,1.8960373064425298
858,1.9952782295776263
859,1.8286724968812251
860,1.6965601560940822
861,2.0882796806128923
862,1.6367565508134565
863,2.0841382716424866
864,2.0714281287808163
865,2.110448448968972
866,1.9225378875606545
867,1.6830888078576849
868,2.0243954210083936
869,1.8830361533577777
870,1.5367665631299459
871,2.0787757788866337
872,1.9789668346330422
873,1.9784994036472476
874,2.0306588753682098
875,2.305445627504285
876,0.7525412962692345
877,1.2976454231402084
878,1.7312386417676324
879,1.3523680145422352
880,1.4308072554570137
881,1.3793561285750355
882,1.2697959237341179
883,1.672073501725776
884,1.376497040112851
885,1.253606342312353
886,1.6136801465465476
887,1.1682052637994629
888,1.4784508571161956
889,1.4556961100732086
890,1.3837340558459794
891,1.2439979306109972
892,1.5009808515379999
893,1.2469855112284864
894,1.1931342984123998
895,1.7907425168613096
896,1.4851677116362765
897,1.4635957445949737
898,1.4395642044324284
899,1.5560438010342361
900,0.7601497860981375
901,1.2925880438900375
902,1.4775726087640584
903,1.1599950046567404
904,1.5200735264085066
905,1.6230047020250133
906,1.3138144771413593
907,1.5399152890563705
908,1.4472390012482605
909,1.1759860549648713
910,1.8393270494074325
911,1.4097113643321908
912,1.6408427954141314
913,1.6685976109352105
914,1.3615299113251198
915,1.2878183877326133
916,1.3445377662266695
917,1.419124452867327
918,1.2636104373366177
919,1.0501916028465808
920,1.6855401710120592
921,1.6134876071378002
922,1.3836722414925622
923,1.505819407615918
924,1.6890361293899059
925,-0.3565208000184206
926,0.1976450481940046
927,0.3129086366983355
928,0.309866044682993
929,0.2789568761588789
930,0.2731735443830087
931,0.3200316410057057
932,0.22700124933867932
933,0.20647430725464788
934,-0.08770665742355357
935,0.33757317644019647
936,-0.09271125846318008
937,0.4127057233142072
938,0.22959454582760708
939,0.2754935708669054
940,0.20974402379387735
941,0.18411599097414932
942,0.3061491240616532
943,0.2413004591280453
944,0.07687206049456352
945,0.3429949707089869
946,0.3192871960539421
947,0.26673241534465064
948,0.27755371368400494
949,0.2831669895420704
950,0.08838710380807953
951,0.6215062363172167
952,0.7088195211202444
953,0.6781116616349451
954,0.548854365873453
955,0.6076898090854651
956,0.8587131726569337
957,0.791271700385361
958,0.7753619492366347
959,0.29980104697267573
960,0.6837675121364385
961,0.47332628111829816
962,0.7502631460438111
963,0.8475117863253868
964,0.9144482891979161
965,0.5719288023132096
966,0.6078672009816779
967,0.6826516563407853
968,0.7907960346438564
969,0.42070222580222766
970,0.7847950784317523
971,0.6622640614016749
972,0.986128863141536
973,0.9697721759111126
974,0.8482825272713678
975,-0.7590988035752476
976,-0.15617121299011877
977,-0.07391006779873158
978,-0.14026555871836563
979,-0.1960863358639905
980,-0.03581536270354773
981,0.2403625090344526
982,0.2189502336945881
983,0.12268607747805
984,-0.27607188786204656
985,0.0029026726000092075
986,-0.3183056424081805
987,-0.05469198500504515
988,0.2662759516806837
989,0.1619155659152081
990,-0.06610749670843843
991,-0.23242024219625257
992,0.018888113179782267
993,-0.004914688550132336
994,-0.419945829919894
995,0.06131535392788417
996,0.03962008458639907
997,0.18222740763421624
998,0.31160896078403505
999,0.22445562923656162
1000,-0.12674072614994744
1001,0.4424768757485077
1002,0.5062829702308473
1003,0.4648153486977216
1004,0.3410916280537183
1005,0.5048631662503181
1006,0.6133789287577294
1007,0.760952209835363
1008,0.48148370740015906
1009,0.3048596758861527
1010,0.5091869483579666
1011,0.23701675298071068
1012,0.5881913550488057
1013,0.9431537644771728
1014,0.7201592660155619
1015,0.47980427378051743
1016,0.44692094748682115
1017,0.5514411246582674
1018,0.4475097079174933
1019,0.19679463788792267
1020,0.6365809355546207
1021,0.4707048886925176
1022,0.6454317934465689
1023,0.8869407448416029
1024,0.9704289743808531
1025,0.008432059542974116
1026,0.5820961497489525
1027,0.6585178072847973
1028,0.5109879919203628
1029,0.4987490043491716
1030,0.5368032708758192
1031,0.668883418469342
1032,0.5205704551537069
1033,0.2908396535953813
1034,0.5514684009110017
1035,0.11362531922826273
1036,0.7876343765928319
1037,0.743603574562856
1038,0.6040554842976822
1039,0.5151296221112636
1040,0.5431436944653684
1041,0.5788779989578023
1042,0.5285051315399947
1043,0.3452683106059392
1044,0.5192136951709326
1045,0.576294330377272
1046,0.5752790162164166
1047,0.6065845744428984
1048,0.629580842541142
1049,-0.909730522351239
1050,-0.21807377923286875
1051,-0.24178382081765715
1052,-0.3118404211403965
1053,-0.23195589875725212
1054,-0.025864939613107336
1055,-0.12933582459758175
1056,-0.19858850924118882
1057,-0.43442610565150946
1058,-0.16327538661017293
1059,-0.5873469901974903
1060,-0.09405706819294042
1061,-0.1398924811257356
1062,-0.19726596173739852
1063,-0.27522160348288566
1064,-0.36617839460217827
1065,-0.16453640688641366
1066,-0.2305451938600926
1067,-0.5508627322613049
1068,-0.18581609907710933
1069,-0.12957594703171732
1070,-0.01672490343547646
1071,-0.04520322545721398
1072,-0.14371005957829278
1073,-2.089487467606528
1074,-1.3061936494613016
1075,-1.314026908652602
1076,-1.351541149340719
1077,-1.2738089071133876
1078,-1.0782385052525434
1079,-1.3280040471963424
1080,-1.26826336941734
1081,-1.7310123127270203
1082,-1.2225707883300034
1083,-1.7151385815205844
1084,-1.1971890283432132
1085,-1.3107363853260663
1086,-1.2546519825727638
1087,-1.3803993350816277
1088,-1.4012751289006957
1089,-1.281242463570667
1090,-1.3582644717686883
1091,-1.7112081930024765
1092,-1.2536827095227696
1093,-1.1443732500056014
1094,-1.065867465400706
1095,-1.1206727287831828
1096,-1.2136641371708836
1097,-2.750394759590562
1098,-1.9347468560083088
1099,-1.8791061210438167
1100,-2.070589780086634
1101,-1.8639734714058396
1102,-1.6782058189919062
1103,-1.8265990373222616
1104,-1.5863904346843085
1105,-2.2889034359851
1106,-1.8343638571090088
1107,-2.251097452123796
1108,-1.8387772669542173
1109,-1.7018045335746625
1110,-1.7628553848480375
1111,-1.9181319085954716
1112,-2.0401907149662604
1113,-1.7459338102218247
1114,-1.9399167083878375
1115,-1.8150735155289257
1116,-1.7095745613775777
1117,-1.6511265965720705
1118,-1.6245151919666845
1119,-1.7187418003940866
1120,-2.5014618542318967
1121,-1.7556534546233227
1122,-1.7002528150033238
1123,-1.739156608081413
1124,-1.8729386382201907
1125,-1.842424193524313
1126,-1.3633512281360938
1127,-1.6218227277439907
1128,-1.580441849534172
1129,-1.9926609698187938
1130,-1.7792460026287271
1131,-2.2103359034149435
1132,-1.6424588166806455
1133,-1.667490801732811
1134,-1.7509029351544778
1135,-1.6789824213789042
1136,-1.6543932081790005
1137,-1.6216950854083505
1138,-1.821580423994443
1139,-1.7097868359226704
1140,-1.6429227525914476
1141,-1.5772972707238395
1142,-1.6060968759275156
1143,-1.7321595567361885
1144,-1.2087054329270672
1145,-0.6198118941255869
1146,-0.5990050073549736
1147,-0.5945463087757634
1148,-0.833163723763927
1149,-0.5643787603114887
1150,-0.3244994558441802
1151,-0.2721108844369831
1152,-0.3490737119150991
1153,-0.6201680823134142
1154,-0.6456555324102415
1155,-0.7984445630585439
1156,-0.5910706568383708
1157,-0.28194956599601756
1158,-0.31938271478319263
1159,-0.4675261163128163
1160,-0.7232040987778913
1161,-0.4405720952612057
1162,-0.4896382388710477
1163,-0.8758825272792872
1164,-0.48661030737837785
1165,-0.599233451466023
1166,-0.23142966198312334
1167,-0.20981330781862578
1168,-0.30975918476872527
1169,-0.851786258200696
1170,-0.23326645303785898
1171,-0.1547481932159001
1172,-0.29633692862063166
1173,-0.286709216098498
1174,-0.15180669838600283
1175,-0.19845501465103876
1176,-0.015699767752390466
1177,-0.11996141719074173
1178,-0.31839043483626994
1179,-0.10133924396062369
1180,-0.4441596272194995
1181,-0.10086763935252428
1182,0.08165680880540567
1183,-0.09277074903735291
1184,-0.18127228851160052
1185,-0.29694763017568876
1186,-0.1458204205481132
1187,-0.264206745395951
1188,-0.5126209797245056
1189,-0.058977163088515756
1190,-0.1305142953973245
1191,-0.13564178045108513
1192,-0.06123918896746563
1193,-0.020561939216563456
1194,-0.6611609273250949
1195,0.14967089601169248
1196,0.524726562575917
1197,-0.08103453404825894
1198,0.11828027069436076
1199,0.10718112610650324
1200,0.29927125218478495
1201,0.16491410880719065
1202,-0.1770520747957607
1203,0.2659202747067213
1204,0.1088169117783279
1205,0.562929042571378
1206,0.45243015874747744
1207,0.3863478443438224
1208,-0.017383634376173615
1209,0.15089764395520455
1210,0.09343646606543507
1211,0.2520059539132126
1212,-0.24036343951836245
1213,0.421190590164068
1214,0.09345290243873958
1215,0.18621694750829768
1216,0.22726090642426872
1217,0.5391240203834907
1218,-2.2367725913559937
1219,-1.41698910379033
1220,-1.2917845030134893
1221,-1.5297016535051837
1222,-1.4870163833507848
1223,-1.1767471546094759
1224,-1.1362766739468306
1225,-1.0304845903593145
1226,-1.2522513921416512
1227,-1.5638891088778626
1228,-1.1612361998605432
1229,-1.6783226567903713
1230,-1.217910969612451
1231,-1.0241503297217933
1232,-1.2784913634394008
1233,-1.2831570082295938
1234,-1.5733773110126905
1235,-1.1527700541454462
1236,-1.2984240998025918
1237,-1.898889998624945
1238,-1.1312289383577685
1239,-1.1958837548536578
1240,-1.1131837583603696
1241,-1.0594259912626935
1242,-1.0980762205391996
1243,-1.5455110094194267
1244,-0.9972893535909149
1245,-0.869485221270836
1246,-0.8396791944376294
1247,-1.0665252509646796
1248,-0.9227559986021336
1249,-0.6621096085403861
1250,-0.7582609934424827
1251,-0.718810908306979
1252,-1.1184636414987537
1253,-0.9017750133646912
1254,-1.17205104568684
1255,-0.8349969052521846
1256,-0.7409894653030502
1257,-0.689132609922207
1258,-0.7369273904712117
1259,-1.0141743943508073
1260,-0.757342851222469
1261,-0.7968010330304527
1262,-1.2861074209104646
1263,-0.7832268174582147
1264,-0.8399910924150927
1265,-0.6450371491287958
1266,-0.6475901011875832
1267,-0.6477745969806106
1268,-0.35100463059090703
1269,0.26855559625949416
1270,0.36893583959666204
1271,0.20201873898762118
1272,0.2953851121150339
1273,0.17318405517340751
1274,0.332949346489436
1275,0.2822880019940234
1276,-0.019649593763626953
1277,0.38929107790806033
1278,0.028067414854165994
1279,0.48087548010463144
1280,0.3444376905740046
1281,0.32271986205519915
1282,0.2535572432985562
1283,0.24519318427379005
1284,0.3521844574573585
1285,0.18751401534812656
1286,-0.033670000400005805
1287,0.37336121321391097
1288,0.273662587618602
1289,0.2759984013402289
1290,0.321387645456752
1291,0.37512937351402625
1292,-1.0737137740036917
1293,-0.33612400385631414
1294,-0.24863493531179603
1295,-0.3734109617618481
1296,-0.1327379217340176
1297,-0.1252440630282552
1298,-0.19012351257607313
1299,-0.20157676648729717
1300,-0.5174125389201663
1301,-0.04078251895929985
1302,-0.6661794770823558
1303,-0.02140796245445805
1304,-0.27085425158199194
1305,-0.33298792238378916
1306,-0.08060131928822328
1307,-0.19885056494280795
1308,0.10998033007295722
1309,-0.4380893483750446
1310,-0.7872096263120603
1311,-0.18452663407642322
1312,0.0739122447470998
1313,-0.23863622354105762
1314,-0.21870436391852038
1315,-0.15032582369341907
1316,-1.647805607164815
1317,-0.8687465269237237
1318,-0.7052680794155307
1319,-1.03311162282527
1320,-0.4835086030577467
1321,-0.5970476465306394
1322,-0.38601280268039073
1323,-0.5149986681158597
1324,-0.9198067103133599
1325,-0.4155102251692905
1326,-1.052910859538512
1327,-0.5371082094015726
1328,-0.5016074972093952
1329,-0.5070440876929537
1330,-0.8657605062336837
1331,-0.2944934565198256
1332,-0.739948052465588
1333,-1.4905010440722766
1334,-0.5619841091513894
1335,-0.40340888106817646
1336,-0.41041533978288897
1337,-0.40896074128922877
1338,-0.4762039186617215
1339,0.02559076276166783
1340,0.10905744308981505
1341,-0.014733947230151458
1342,0.2689433550175558
1343,0.07736679690784563
1344,0.25740635312450494
1345,0.09715945605042114
1346,-0.04782677846957795
1347,0.3169489091154889
1348,-0.21515380528759978
1349,0.3040420766875636
1350,0.24283438670614232
1351,0.12986616110228089
1352,0.24790247644081795
1353,0.1048099845626313
1354,0.34535890362872695
1355,-0.011112210403112194
1356,-0.20176702307126979
1357,0.19735988976431917
1358,0.16942826048672888
1359,0.23951527347152565
1360,0.2677252411827664
1361,-0.6192954828105063
1362,-0.13929676628334664
1363,-0.0779388289403414
1364,-0.23278678309841602
1365,0.05851216563863874
1366,0.05174670507574401
1367,-0.1915830772635053
1368,-0.30852522798816084
1369,0.159279508601051
1370,-0.33997774988029794
1371,0.1375139965166869
1372,-0.029245815467456616
1373,-0.012107176210181904
1374,-0.11869518567046522
1375,-0.13720355962520064
1376,-0.029909971826373782
1377,-0.01813098323402592
1378,-0.3292101149023493
1379,0.04122125405653
1380,0.040972518170890954
1381,0.028428374308308163
1382,0.010019804323609403
1383,-0.012075110774672895
1384,-1.6797453376836324
1385,-1.058131810411249
1386,-0.9475888164775574
1387,-1.2016995938980313
1388,-0.8355538764636613
1389,-0.9244403089706912
1390,-0.7934586460743959
1391,-0.9907322399768606
1392,-1.0885932695171772
1393,-0.8387299659046572
1394,-1.236921422043348
1395,-0.8884006468567592
1396,-0.8602686320542665
1397,-0.8971634126290656
1398,-0.8997122154676206
1399,-1.1904620627159315
1400,-0.8523311913921687
1401,-1.051826312233461
1402,-1.3231375262289216
1403,-0.8067057486804393
1404,-0.8516135092541851
1405,-0.8078043938566487
1406,-0.798105000413738
1407,-0.7846611246682541
1408,-2.1630859679025196
1409,-1.5645192092512266
1410,-1.4934564347936212
1411,-1.4373516782827223
1412,-1.6109792747016094
1413,-1.5490525780898003
1414,-1.2808932452519965
1415,-1.407661077690265
1416,-1.4349644328869773
1417,-1.719565762667809
1418,-1.44022982162023
1419,-1.7710209798315584
1420,-1.3643144056434267
1421,-1.3807778874535217
1422,-1.4335339614941431
1423,-1.4509459143127943
1424,-1.675886157846623
1425,-1.3854336716912241
1426,-1.5895907094008106
1427,-1.7021461195511174
1428,-1.3656486766870128
1429,-1.4237809503584156
1430,-1.3734342154593497
1431,-1.3141602497430782
1432,-1.3357788459009128
1433,-2.7596259053994254
1434,-1.9642718044228948
1435,-1.7555467548900603
1436,-2.2662838793243076
1437,-1.774688578283896
1438,-1.780150090954638
1439,-1.897470296484731
1440,-1.9551336344102797
1441,-2.1430054599287427
1442,-1.6297635646160136
1443,-2.2601922117037385
1444,-1.6523045072950953
1445,-1.9215219378014061
1446,-1.9903085238257998
1447,-1.8904091193113506
1448,-1.8484149989758645
1449,-1.7332711864191745
1450,-2.1372522589461282
1451,-2.51735408723891
1452,-1.7681020312058002
1453,-1.5829989822152093
1454,-1.9236268802338867
1455,-1.913779566688077
1456,-1.8357815433887428
1457,-2.987824601194425
1458,-2.1394967739107558
1459,-1.975105664889868
1460,-2.4013957943268727
1461,-2.0321473502945353
1462,-2.0284586459457232
1463,-2.1531267702296204
1464,-2.1155763224205755
1465,-2.3812166361674016
1466,-1.9616131845016904
1467,-2.286725853742577
1468,-1.9497516625576632
1469,-1.9645851038920308
1470,-1.972128367334329
1471,-2.12888589833683
1472,-2.2164396478193735
1473,-2.0435027595087187
1474,-2.091490864118402
1475,-2.6714698663139425
1476,-1.9081573105885339
1477,-2.0124525480086377
1478,-1.9806352275042913
1479,-1.957264228880472
1480,-1.9014287228874944
1481,-1.6760848038778562
1482,-1.0317156545402468
1483,-0.9232307015910721
1484,-1.2161392107718092
1485,-1.0521468105501057
1486,-0.9754978747681893
1487,-1.0103374525471445
1488,-0.9490637898767867
1489,-0.9932196862756861
1490,-1.2087371097919184
1491,-0.9056247590112968
1492,-1.2419242563464545
1493,-0.8257866467406012
1494,-0.869182620363792
1495,-0.9103061879519889
1496,-1.0265401180634637
1497,-1.058455477868161
1498,-0.9242247963773891
1499,-1.073545769291067
1500,-1.3686257420456283
1501,-0.8944697035335705
1502,-0.9467669018378377
1503,-0.9228373542058326
1504,-0.8858611099607174
1505,-0.8839907794904255
